reaction;f0
rxn1;0.553762
rxn2;0.446238
rxn3; 0.769660
rxn4;0.000000
Ribosome;0.951700
